,predictions
0,[0.52932286]
1,[-0.37016797]
2,[0.28213644]
3,[0.12303333]
4,[0.95258427]
5,[0.71645665]
6,[-0.4310353]
7,[0.9480215]
8,[0.33787164]
9,[0.82997143]
10,[0.43576843]
11,[1.0371921]
12,[0.4401148]
13,[0.43747458]
14,[-0.05822266]
15,[0.18329701]
16,[-0.08753482]
17,[1.0798182]
18,[0.5056229]
19,[-0.58287114]
20,[-0.01205472]
21,[0.06545723]
22,[-0.06065361]
23,[0.3329944]
24,[0.81217265]
25,[0.7237309]
26,[0.3731606]
27,[0.917736]
28,[0.2569634]
29,[0.94965994]
30,[0.85624105]
31,[0.6588234]
32,[-0.9636585]
33,[-0.09876955]
34,[0.24293873]
35,[-0.2536122]
36,[0.891943]
37,[0.41902143]
38,[-0.20437795]
39,[0.07542156]
40,[0.05707239]
41,[-0.06862194]
42,[1.289568]
43,[0.8183332]
44,[1.0134565]
45,[1.0419785]
46,[0.04416993]
47,[0.26051697]
48,[0.13432845]
49,[0.83015144]
50,[-0.03270227]
51,[0.8252118]
52,[-0.04893178]
53,[0.6804043]
54,[0.57615715]
55,[0.39629835]
56,[0.4965707]
57,[0.52293795]
58,[0.61909854]
59,[1.1418498]
60,[0.04941174]
61,[-0.6711073]
62,[-0.02882756]
63,[0.99422985]
64,[0.9670601]
65,[0.7000848]
66,[0.73966455]
67,[0.7284846]
68,[0.9962828]
69,[0.78035474]
70,[0.66459453]
71,[0.95441896]
72,[0.6385102]
73,[0.13338473]
74,[1.0213996]
75,[0.54168725]
76,[-0.07787227]
77,[0.28457364]
78,[-0.08812357]
79,[0.5643338]
80,[1.0970572]
81,[1.4865127]
82,[0.43176928]
83,[0.32417575]
84,[0.906169]
85,[0.3733932]
86,[-0.12968174]
87,[0.74877745]
88,[-0.44188088]
89,[0.4556123]
90,[0.9805447]
91,[0.95428175]
92,[0.24614519]
93,[-0.39923453]
94,[1.3105032]
95,[0.42522964]
96,[0.6340035]
97,[0.93609744]
98,[0.16888258]
99,[0.28674498]
100,[0.4464943]
101,[1.019825]
102,[0.8558805]
103,[0.17681697]
104,[-0.56233585]
105,[0.05985653]
106,[0.461289]
107,[0.7466923]
108,[-0.65655494]
109,[1.049884]
110,[0.38692936]
111,[0.8130151]
112,[1.2935176]
113,[-0.2444005]
114,[-0.30924252]
115,[1.1474844]
116,[-0.06714336]
117,[0.78982264]
118,[1.0776519]
119,[0.25164172]
120,[1.0046428]
121,[0.936021]
122,[-0.16154727]
123,[-0.26970795]
124,[0.28355405]
125,[1.1015295]
126,[-0.13217995]
127,[0.49370316]
128,[0.0315068]
129,[0.88321453]
130,[1.1714935]
131,[1.2108272]
132,[-0.33314833]
133,[0.37476057]
134,[0.24228147]
135,[-0.19463596]
136,[-0.4115769]
137,[0.68836987]
138,[0.79035974]
139,[0.805174]
140,[0.3613771]
141,[0.8939714]
142,[0.753337]
143,[0.47289932]
144,[0.4361521]
145,[0.27039984]
146,[0.19138542]
147,[0.5865756]
148,[0.53092]
149,[0.7564856]
150,[-1.0826341]
151,[0.15285346]
152,[0.8274905]
153,[0.01899942]
154,[-0.06591668]
155,[0.00542661]
156,[0.2729232]
157,[0.0200506]
158,[0.7091169]
159,[0.9340532]
160,[1.0110701]
161,[0.9092915]
162,[1.01154]
163,[0.0023856]
164,[0.26607332]
165,[1.1909894]
166,[0.7386322]
167,[0.8528514]
168,[0.8544637]
169,[0.7260714]
170,[0.94625]
171,[-0.05404698]
172,[0.2906526]
173,[-0.29448336]
174,[1.0245422]
175,[0.3856922]
176,[1.2534086]
177,[-0.46443963]
178,[1.0015764]
179,[0.6047652]
180,[0.61235064]
181,[-0.01220823]
182,[0.6172216]
183,[-0.00048772]
184,[-0.4792237]
185,[1.1884168]
186,[-0.0708837]
187,[0.45953068]
188,[0.85437006]
189,[0.30255646]
190,[-0.09989885]
191,[0.10988437]
192,[0.58145976]
193,[-0.24304584]
194,[0.7355214]
195,[0.22904801]
196,[-0.13160819]
197,[0.14798662]
198,[-0.34535015]
199,[0.40217093]
200,[1.0344604]
201,[0.85990095]
202,[0.5543024]
203,[0.67629844]
204,[0.38443932]
205,[0.3365291]
206,[1.0051732]
207,[-0.13304445]
208,[0.1405502]
209,[0.39751562]
210,[0.12814462]
211,[0.64724493]
212,[0.08548483]
213,[0.9241818]
214,[0.65047693]
215,[-0.10444687]
216,[-0.00237528]
217,[1.0500269]
218,[0.85470974]
219,[-0.5145806]
220,[0.04127755]
221,[0.9621834]
222,[-0.4156745]
223,[-0.49544564]
224,[0.4351459]
225,[0.372755]
226,[0.20285863]
227,[1.1430926]
228,[1.1275139]
229,[1.0039775]
230,[-0.01341385]
231,[0.24074179]
232,[-0.3416203]
233,[0.5135642]
234,[1.3487315]
235,[0.6591233]
236,[-0.12783459]
237,[-0.01794551]
238,[0.57573897]
239,[-0.03937153]
240,[0.84481853]
241,[0.02169245]
242,[-0.28098473]
243,[0.98922825]
244,[0.94019973]
245,[-0.19377565]
246,[1.0449454]
247,[0.03245855]
248,[0.40454456]
249,[0.22642836]
250,[0.26958925]
251,[0.9696733]
252,[0.30649933]
253,[0.45252374]
254,[-0.10122261]
255,[0.6069742]
256,[0.03538168]
257,[0.93080235]
258,[0.49371353]
259,[-0.06916413]
260,[0.0905173]
261,[-0.36819708]
262,[0.6813102]
263,[-0.5024257]
264,[0.38740903]
265,[0.98208]
266,[0.9057966]
267,[-0.15993956]
268,[0.6465436]
269,[1.2358099]
270,[0.97463924]
271,[0.92917705]
272,[1.2849251]
273,[0.8833189]
274,[0.6642535]
275,[0.48299992]
276,[1.4318297]
277,[-0.56033516]
278,[0.21687871]
279,[1.0355474]
280,[-0.20408544]
281,[0.60929585]
282,[0.6625134]
283,[0.44665852]
284,[0.8845638]
285,[1.0413848]
286,[0.89271903]
287,[0.32213506]
288,[0.12299659]
289,[0.02812573]
290,[-0.18109259]
291,[0.7695832]
292,[0.9617933]
293,[0.8854097]
294,[-0.04640967]
295,[0.3142568]
296,[1.0445223]
297,[1.1814215]
298,[0.6684793]
299,[0.58371115]
300,[-0.2135962]
301,[0.02813771]
302,[0.87714404]
303,[0.05380031]
304,[-0.42701265]
305,[1.0190288]
306,[0.0074529]
307,[0.8065552]
308,[1.5038958]
309,[0.99265677]
310,[0.8031814]
311,[-0.02130521]
312,[-0.0347302]
313,[1.0162675]
314,[0.11467337]
315,[1.0915241]
316,[1.2533628]
317,[0.81335765]
318,[1.0304668]
319,[0.7526416]
320,[0.5810679]
321,[0.8915219]
322,[0.21700695]
323,[0.9357538]
324,[-0.15325725]
325,[-0.02062932]
326,[0.7973154]
327,[-0.19859478]
328,[0.8280746]
329,[0.4363757]
330,[-0.58787817]
331,[1.3058038]
332,[0.6169863]
333,[0.24530181]
334,[-0.01324291]
335,[-0.06103519]
336,[0.17181757]
337,[0.73710734]
338,[0.2026419]
339,[0.7521793]
340,[1.0632577]
341,[-0.2071664]
342,[0.56033075]
343,[0.48478436]
344,[0.7879085]
345,[-0.09261987]
346,[0.82528377]
347,[-0.26259932]
348,[0.6125386]
349,[0.06915045]
350,[-0.15102714]
351,[0.62205225]
352,[-0.10714782]
353,[-0.07281826]
354,[0.14012259]
355,[0.38606617]
356,[1.0422281]
357,[-0.3454836]
358,[1.000715]
359,[0.24551147]
360,[1.0992554]
361,[0.4240092]
362,[0.9509928]
363,[0.8186213]
364,[0.7260982]
365,[1.0762872]
366,[0.40745294]
367,[1.0244355]
368,[0.8558762]
369,[-0.19270733]
370,[0.07727429]
371,[0.0148118]
372,[0.5220307]
373,[1.0925459]
374,[0.31611064]
375,[-0.10776211]
376,[-0.31962883]
377,[1.0745513]
378,[1.0838265]
379,[0.11528676]
380,[0.0401315]
381,[0.43925872]
382,[-0.05814222]
383,[0.45262274]
384,[0.6434671]
385,[1.0062463]
386,[0.3053303]
387,[1.0544853]
388,[-0.25655416]
389,[-0.07201143]
390,[0.17385098]
391,[0.4298056]
392,[1.1934304]
393,[0.17728856]
394,[-0.15060702]
395,[0.70853275]
396,[0.21287811]
397,[-0.32674178]
398,[0.26613042]
399,[0.28304258]
400,[0.3745962]
401,[0.40490028]
402,[0.7972017]
403,[0.50992185]
404,[-0.19194445]
405,[0.84908485]
406,[1.1147264]
407,[0.73180467]
408,[1.02705]
409,[0.53314066]
410,[-0.02876095]
411,[0.2594454]
412,[-0.6399306]
413,[0.23837265]
414,[0.23974085]
415,[0.51797116]
416,[-0.08926725]
417,[-0.00851838]
418,[-0.03993926]
419,[0.9573874]
420,[1.0194021]
421,[-0.03536812]
422,[0.38185534]
423,[0.23133776]
424,[0.3996383]
425,[0.18863371]
426,[0.24237904]
427,[0.91748106]
428,[0.2599077]
429,[1.1922926]
430,[0.21814758]
431,[0.97379875]
432,[-0.55734956]
433,[1.005733]
434,[1.1295189]
435,[-0.04056884]
436,[0.24540937]
437,[0.7183887]
438,[0.6232101]
439,[-0.3038924]
440,[1.0903083]
441,[0.31132722]
442,[0.07757702]
443,[-0.02523804]
444,[0.3638679]
445,[-0.27808264]
446,[0.6792821]
447,[-0.5950468]
448,[1.0572525]
449,[0.03981083]
450,[-0.042388]
451,[0.27921066]
452,[0.39150482]
453,[1.0756143]
454,[1.0302982]
455,[1.0318431]
456,[0.10741051]
457,[0.97456926]
458,[0.4045982]
459,[0.2258276]
460,[0.92432845]
461,[1.2898384]
462,[0.6798468]
463,[1.0051596]
464,[1.0525373]
465,[0.07429648]
466,[-0.49016723]
467,[-0.14892846]
468,[-0.07441378]
469,[0.09300288]
470,[0.11444472]
471,[0.71913767]
472,[0.79698294]
473,[0.28854662]
474,[-0.1025121]
475,[0.1444062]
476,[1.0272468]
477,[-0.11388444]
478,[0.17570621]
479,[0.8991219]
480,[-0.10600249]
481,[0.81931615]
482,[0.38577464]
483,[0.09594729]
484,[0.17258072]
485,[0.27117795]
486,[0.22516143]
487,[0.2519]
488,[-0.31630048]
489,[0.43621096]
490,[0.55654633]
491,[0.10729523]
492,[-0.0464097]
493,[0.0304084]
494,[0.05645907]
495,[0.35214373]
496,[1.2275256]
497,[0.64860034]
498,[0.48158094]
499,[0.94463867]
500,[0.3591918]
501,[1.0114096]
502,[0.59635997]
503,[0.54951835]
504,[-0.02166883]
505,[0.63369143]
506,[0.47918734]
507,[0.06796982]
508,[-0.0159739]
509,[1.0012255]
510,[0.51352835]
511,[-0.09111104]
512,[-0.0029541]
513,[-0.21574396]
514,[1.0981542]
515,[1.0832869]
516,[1.1835827]
517,[1.0670295]
518,[0.20698565]
519,[-0.56399554]
520,[0.10375866]
521,[0.8585082]
522,[0.03896397]
523,[0.82942295]
524,[1.1755943]
525,[-0.79580456]
526,[0.34310395]
527,[0.2706087]
528,[0.15640926]
529,[-0.19299254]
530,[0.1479652]
531,[0.2555406]
532,[-0.00989532]
533,[-0.08861498]
534,[0.93965477]
535,[0.17173663]
536,[0.5944114]
537,[0.78069496]
538,[-0.3825158]
539,[-0.35904112]
540,[0.26878545]
541,[0.49172994]
542,[-0.12577352]
543,[-0.30681702]
544,[0.3552204]
545,[0.24093938]
546,[0.60092604]
547,[0.9068724]
548,[0.5824574]
549,[-0.5489069]
550,[0.99777335]
551,[0.04582223]
552,[0.0331369]
553,[0.8260343]
554,[0.5171097]
555,[-0.14217356]
556,[0.14579266]
557,[0.1652526]
558,[1.0607407]
559,[0.62264276]
560,[1.0796484]
561,[0.7737261]
562,[0.89706445]
563,[0.7882975]
564,[0.94614935]
565,[-0.14217865]
566,[0.936437]
567,[0.12523805]
568,[1.5049437]
569,[1.0800167]
570,[0.70197546]
571,[1.1750731]
572,[0.13509819]
573,[-0.12645802]
574,[1.2268246]
575,[-0.14595714]
576,[-0.6938797]
577,[0.33135003]
578,[0.6143446]
579,[-0.39447588]
580,[0.22769058]
581,[0.28781882]
582,[-0.34376255]
583,[0.37108108]
584,[0.0610313]
585,[0.01262388]
586,[0.0354326]
587,[-0.05667821]
588,[1.0638081]
589,[0.21679339]
590,[0.69188404]
591,[0.37119398]
592,[0.99549395]
593,[0.8241446]
594,[0.111335]
595,[0.7371104]
596,[0.42651623]
597,[1.0970105]
598,[0.81219447]
599,[0.16712579]
600,[-0.57575065]
601,[0.12592822]
602,[0.8908886]
603,[0.5868894]
604,[0.82092726]
605,[0.05269542]
606,[0.34366724]
607,[1.6130201]
608,[0.6943301]
609,[1.0614151]
610,[0.49188396]
611,[-0.2918895]
612,[1.2218028]
613,[0.5755718]
614,[0.8834156]
615,[1.0377815]
616,[0.5699064]
617,[0.8632445]
618,[-0.14904559]
619,[0.45633528]
620,[-0.09967789]
621,[1.0199744]
622,[1.1276459]
623,[-0.22376192]
624,[0.41999665]
625,[0.48878166]
626,[-0.5154791]
627,[0.21571818]
628,[0.6780373]
629,[1.052012]
630,[0.7928313]
631,[0.13900396]
632,[0.37969306]
633,[1.0946617]
634,[0.20087919]
635,[0.5905963]
636,[0.42289534]
637,[1.0682278]
638,[0.5137155]
639,[0.68117976]
640,[0.21776554]
641,[0.8595964]
642,[-0.08143751]
643,[0.6704209]
644,[0.5196879]
645,[0.04549416]
646,[0.8378571]
647,[0.6926294]
648,[0.56655115]
649,[-0.04288287]
650,[1.0617043]
651,[0.05481432]
652,[0.5880151]
653,[-0.59026253]
654,[0.7797196]
655,[0.68730015]
656,[0.15077218]
657,[0.84372365]
658,[0.11564889]
659,[0.402773]
660,[0.6902803]
661,[-0.1401105]
662,[-0.29861063]
663,[0.02740263]
664,[0.3401069]
665,[0.7222542]
666,[-0.51902956]
667,[0.28740075]
668,[0.11463632]
669,[-0.02416728]
670,[0.6020326]
671,[0.1969347]
672,[-0.1922287]
673,[0.59102875]
674,[0.66858864]
675,[-0.33818918]
676,[0.39234364]
677,[-0.16076228]
678,[0.9231701]
679,[-0.03553275]
680,[0.7473599]
681,[0.71061325]
682,[0.36982527]
683,[0.91291773]
684,[0.9144534]
685,[0.16517943]
686,[-0.13288096]
687,[1.0148048]
688,[1.0533776]
689,[0.25522533]
690,[0.74550486]
691,[0.6221596]
692,[0.21667203]
693,[0.05445554]
694,[0.73735404]
695,[0.21884924]
696,[0.5130362]
697,[-0.04974078]
698,[0.93014467]
699,[0.60416883]
700,[1.0774161]
701,[0.6648916]
702,[0.97912693]
703,[0.26809433]
704,[0.6414576]
705,[0.90088665]
706,[0.24547437]
707,[0.72082466]
708,[0.81980985]
709,[0.1314151]
710,[-0.33124313]
711,[1.0208769]
712,[0.69409716]
713,[0.80323553]
714,[0.20186281]
715,[-0.45001623]
716,[0.6930718]
717,[-0.03419276]
718,[1.092747]
719,[0.9232327]
720,[0.77415293]
721,[-0.12808475]
722,[0.62855047]
723,[-0.07096554]
724,[0.52710223]
725,[0.10554647]
726,[0.25495157]
727,[0.07181226]
728,[1.0811048]
729,[0.3839673]
730,[-0.05261309]
731,[-0.28112122]
732,[0.97842646]
733,[0.6925175]
734,[0.9489896]
735,[0.1893403]
736,[0.69755524]
737,[-0.0830524]
738,[-0.05110986]
739,[1.1713278]
740,[0.5426911]
741,[1.157376]
742,[0.2145116]
743,[0.15385893]
744,[-0.16992909]
745,[0.24700528]
746,[-0.03854901]
747,[0.73390615]
748,[0.77219117]
749,[0.46038225]
750,[0.2521578]
751,[0.69402444]
752,[-0.26146483]
753,[0.17778218]
754,[0.19182444]
755,[0.21736282]
756,[0.83182585]
757,[-0.21060857]
758,[0.9582028]
759,[1.1192304]
760,[0.6954024]
761,[-0.04481772]
762,[1.2413299]
763,[0.73553276]
764,[-0.24877182]
765,[0.859038]
766,[-0.18904984]
767,[0.0541225]
768,[1.0757586]
769,[0.14073598]
770,[0.12113536]
771,[0.5765536]
772,[0.69748497]
773,[0.2618395]
774,[0.03215563]
775,[0.11108821]
776,[0.48040166]
777,[1.0457733]
778,[0.04251333]
779,[0.6015119]
780,[0.9312307]
781,[0.11657139]
782,[0.5641262]
783,[0.43271288]
784,[-0.27771145]
785,[1.2328168]
786,[0.5571045]
787,[0.99401784]
788,[-0.38433585]
789,[0.09994582]
790,[0.05364396]
791,[0.62457705]
792,[-0.22012097]
793,[-0.09053446]
794,[0.25267878]
795,[0.7112529]
796,[-0.01277239]
797,[-0.2497819]
798,[0.54658777]
799,[0.905339]
800,[0.3199277]
801,[0.896871]
802,[0.97617805]
803,[-0.21320355]
804,[0.9298214]
805,[0.8564018]
806,[1.1993946]
807,[0.9700029]
808,[0.9835216]
809,[0.02627005]
810,[0.36427966]
811,[0.12743744]
812,[0.9003575]
813,[0.5865501]
814,[0.8067227]
815,[1.3566276]
816,[1.014597]
817,[0.38608766]
818,[0.952531]
819,[0.99424255]
820,[0.24897218]
821,[0.5782943]
822,[0.58087224]
823,[0.16490585]
824,[1.1275171]
825,[-0.24918583]
826,[1.3563303]
827,[0.6471324]
828,[0.3878316]
829,[1.0497085]
830,[0.45369622]
831,[-0.07787494]
832,[-0.4169121]
833,[0.9631971]
834,[-0.22344247]
835,[0.7479764]
836,[1.2173942]
837,[0.03693169]
838,[0.8910661]
839,[0.8009063]
840,[0.75915146]
841,[0.53853256]
842,[0.6528077]
843,[-0.42669365]
844,[0.01461194]
845,[0.10838168]
846,[0.90838206]
847,[0.04956755]
848,[1.1465281]
849,[0.20505434]
850,[-0.0190225]
851,[-0.26212382]
852,[0.06302074]
853,[0.54468393]
854,[0.06583524]
855,[0.05461379]
856,[0.07752124]
857,[0.04466172]
858,[1.0972613]
859,[1.0071495]
860,[0.84132355]
861,[0.9165893]
862,[0.8129452]
863,[0.7836707]
864,[0.803411]
865,[0.81665397]
866,[-0.06561867]
867,[-0.03017128]
868,[0.979366]
869,[0.92914295]
870,[0.15121004]
871,[0.541612]
872,[0.92094326]
873,[1.0110598]
874,[-0.0889254]
875,[0.84911823]
876,[0.7575624]
877,[1.3452182]
878,[0.56336194]
879,[1.1141225]
880,[0.75049055]
881,[-0.13253352]
882,[0.2672504]
883,[0.70298624]
884,[0.9356221]
885,[0.40080392]
886,[0.85193497]
887,[0.24386549]
888,[0.8759721]
889,[0.11477055]
890,[0.20654833]
891,[1.1268498]
892,[-0.35853714]
893,[0.05388679]
894,[-0.1922121]
895,[1.0622798]
896,[0.7661121]
897,[0.5341804]
898,[-0.00857381]
899,[0.7723236]
900,[0.87628955]
901,[0.20473945]
902,[-0.00249332]
903,[0.1525979]
904,[0.27134916]
905,[0.7627612]
906,[0.13566059]
907,[-0.08961666]
908,[0.62255406]
909,[0.6500524]
910,[1.1268018]
911,[-0.18585101]
912,[0.522349]
913,[1.0346847]
914,[0.76862216]
915,[0.41475806]
916,[-0.10283635]
917,[0.73049855]
918,[-0.0383885]
919,[1.1280276]
920,[1.1759061]
921,[0.29592016]
922,[-0.02354214]
923,[-0.15019655]
924,[0.2871809]
925,[0.890343]
926,[0.26900116]
927,[-0.04971177]
928,[1.0485786]
929,[-0.47579154]
930,[1.0388492]
931,[0.318691]
932,[0.2507445]
933,[-0.24117896]
934,[0.30969608]
935,[0.34367225]
936,[1.2779431]
937,[-0.04883529]
938,[1.2522525]
939,[-0.22095278]
940,[0.0201339]
941,[0.6441251]
942,[-0.20554376]
943,[0.12858766]
944,[0.22543842]
945,[0.53554845]
946,[1.2270354]
947,[0.44385204]
948,[0.19666216]
949,[0.34468445]
950,[1.0040646]
951,[0.04008373]
952,[1.2704068]
953,[-0.22072029]
954,[0.94047165]
955,[0.29124162]
956,[0.53923297]
957,[-0.04483376]
958,[0.6377778]
959,[-0.47922096]
960,[0.47334173]
961,[0.27114055]
962,[0.7501175]
963,[1.1602256]
964,[-0.4242107]
965,[-0.32633018]
966,[1.0568213]
967,[2.0266898]
968,[0.41894534]
969,[0.19287524]
970,[0.8262095]
971,[0.586779]
972,[0.1453901]
973,[-0.02834693]
974,[0.79959166]
975,[-0.0507463]
976,[0.97485006]
977,[0.783554]
978,[1.0246855]
979,[1.2056516]
980,[-0.10463778]
981,[1.2150922]
982,[0.10868277]
983,[-0.16435698]
984,[0.34580663]
985,[0.898491]
986,[0.5512004]
987,[0.42525792]
988,[0.33629504]
989,[0.46589345]
990,[-0.0358492]
991,[-0.2300852]
992,[-0.10462899]
993,[0.7260102]
994,[0.4353351]
995,[-0.16980189]
996,[0.27608943]
997,[0.6452498]
998,[0.3124551]
999,[0.6529544]
1000,[0.05838006]
1001,[1.0408401]
1002,[0.21766302]
1003,[0.64459205]
1004,[-0.13302246]
1005,[1.0520905]
1006,[1.0283263]
1007,[0.801196]
1008,[0.36326197]
1009,[0.87152356]
1010,[0.28307125]
1011,[-0.11199027]
1012,[1.2552605]
1013,[0.10808399]
1014,[-0.15773353]
1015,[0.6222979]
1016,[0.14710608]
1017,[0.59215456]
1018,[0.00304519]
1019,[1.0010365]
1020,[1.0164967]
1021,[0.773824]
1022,[0.20514143]
1023,[0.8433337]
1024,[0.31483936]
1025,[0.2674912]
1026,[0.40699834]
1027,[0.19844103]
1028,[-0.00405743]
1029,[-0.08557222]
1030,[0.9973617]
1031,[1.1677471]
1032,[0.41234705]
1033,[0.8425146]
1034,[0.10600656]
1035,[-0.15948]
1036,[0.98820627]
1037,[1.1651533]
1038,[0.29027665]
1039,[-0.20250496]
1040,[0.69629025]
1041,[0.0939519]
1042,[0.84131765]
1043,[0.15683997]
1044,[0.9491343]
1045,[1.0069302]
1046,[-0.13513896]
1047,[1.0744624]
1048,[0.20253661]
1049,[0.5398439]
1050,[0.4925309]
1051,[0.9446861]
1052,[-0.5195651]
1053,[0.59664106]
1054,[0.9176115]
1055,[0.08460873]
1056,[-0.28091866]
1057,[0.7837626]
1058,[1.3780375]
1059,[0.011907]
1060,[0.4065909]
1061,[0.45704487]
1062,[-0.36734554]
1063,[1.2807494]
1064,[0.16395178]
1065,[0.59367716]
1066,[0.50280756]
1067,[-0.9542916]
1068,[0.62598646]
1069,[0.53795856]
1070,[-0.60243464]
1071,[0.80180585]
1072,[0.86360985]
1073,[1.2134029]
1074,[0.5029262]
1075,[0.2077322]
1076,[1.0604585]
1077,[0.41155037]
1078,[-0.13986781]
1079,[0.21603605]
1080,[0.4305951]
1081,[0.7266275]
1082,[0.9640336]
1083,[-0.02352656]
1084,[0.6407972]
1085,[0.04507902]
1086,[0.18408984]
1087,[-0.02891285]
1088,[1.3640789]
1089,[1.2438353]
1090,[-0.26246375]
1091,[0.45274773]
1092,[0.29725292]
1093,[1.1351858]
1094,[0.6617947]
1095,[0.69167405]
1096,[1.0202371]
1097,[0.7755398]
1098,[1.2399664]
1099,[0.18396565]
1100,[-0.12228844]
1101,[-0.20401916]
1102,[0.8959652]
1103,[1.1157414]
1104,[0.05455162]
1105,[0.17946008]
1106,[0.28046283]
1107,[0.7948353]
1108,[0.5241047]
1109,[0.9829259]
1110,[-0.10605518]
1111,[0.9014269]
1112,[0.6700498]
1113,[0.6947247]
1114,[-0.07043234]
1115,[0.36012]
1116,[1.0826751]
1117,[0.43160716]
1118,[0.9033745]
1119,[0.5707592]
1120,[0.03676208]
1121,[0.7329669]
1122,[1.0368776]
1123,[0.1980502]
1124,[-0.05859909]
1125,[0.9371754]
1126,[0.1118424]
1127,[0.6131912]
1128,[0.55495304]
1129,[0.5638681]
1130,[0.88802767]
1131,[1.096706]
1132,[0.22622275]
1133,[0.6122098]
1134,[0.07882371]
1135,[0.2966521]
1136,[0.46843138]
1137,[0.13615575]
1138,[0.94667304]
1139,[1.1112522]
1140,[0.01240387]
1141,[1.0019306]
1142,[0.9613605]
1143,[1.2118787]
1144,[0.8629705]
1145,[0.05894008]
1146,[0.59392446]
1147,[-0.3991065]
1148,[0.59835446]
1149,[0.5213129]
1150,[0.8963716]
1151,[0.28262058]
1152,[0.73689556]
1153,[1.0611658]
1154,[0.04063933]
1155,[-0.29792684]
1156,[0.53394103]
1157,[0.33343878]
1158,[0.4675682]
1159,[0.1593293]
1160,[0.35948697]
1161,[1.0201242]
1162,[0.16049206]
1163,[0.64380324]
1164,[-0.003296]
1165,[0.7877179]
1166,[0.98905426]
1167,[0.7693246]
1168,[0.02425023]
1169,[0.88756704]
1170,[-0.27443528]
1171,[0.7317138]
1172,[-0.01983014]
1173,[0.6672114]
1174,[0.6670002]
1175,[-0.06722494]
1176,[0.08306199]
1177,[0.63428575]
1178,[-0.04657707]
1179,[1.0038217]
1180,[-0.21501696]
1181,[0.8909563]
1182,[0.01543817]
1183,[0.5563545]
1184,[0.6213719]
1185,[0.6280894]
1186,[0.2261897]
1187,[0.27694735]
1188,[0.5376028]
1189,[0.01470044]
1190,[-0.27554002]
1191,[0.11511912]
1192,[0.99524987]
1193,[0.63374406]
1194,[0.07365616]
1195,[-0.03681121]
1196,[1.1866158]
1197,[-0.39792928]
1198,[-0.14230236]
1199,[1.6025418]
1200,[1.0849782]
1201,[1.0549241]
1202,[0.69481045]
1203,[0.5987359]
1204,[1.2034997]
1205,[-0.33067906]
1206,[0.1930117]
1207,[1.2064967]
1208,[-0.10597209]
1209,[0.7230958]
1210,[1.1355803]
1211,[0.14687183]
1212,[1.6334496]
1213,[-0.23516098]
1214,[0.04105849]
1215,[0.02774384]
1216,[1.0227399]
1217,[0.40215147]
1218,[0.51851046]
1219,[1.026268]
1220,[-0.03423841]
1221,[-0.04273895]
1222,[0.68549067]
1223,[-1.0547497]
1224,[0.4397741]
1225,[1.1050996]
1226,[1.3134538]
1227,[-0.4577417]
1228,[-0.19135293]
1229,[0.0101518]
1230,[0.54028475]
1231,[1.159391]
1232,[0.93564785]
1233,[-0.20796114]
1234,[0.93005455]
1235,[-0.07403622]
1236,[-0.01532648]
1237,[0.7451047]
1238,[-0.37289846]
1239,[0.3450865]
1240,[-0.66698605]
1241,[0.8908189]
1242,[0.715303]
1243,[-0.10060691]
1244,[-0.4943591]
1245,[-0.16171905]
1246,[0.45474675]
1247,[0.01351818]
1248,[-0.03738297]
1249,[0.2533207]
1250,[-0.02322332]
1251,[0.2932422]
1252,[0.04535791]
1253,[0.37476614]
1254,[0.07428928]
1255,[-0.20124093]
1256,[0.183516]
1257,[0.50917685]
1258,[-0.22339806]
1259,[0.6374585]
1260,[0.72693306]
1261,[0.06364503]
1262,[0.57843614]
1263,[1.2170761]
1264,[0.53516245]
1265,[-0.21308592]
1266,[1.160658]
1267,[1.0347075]
1268,[0.9425701]
1269,[0.38835827]
1270,[0.8520949]
1271,[0.444757]
1272,[0.1399962]
1273,[0.03925917]
1274,[0.08230319]
1275,[0.8180708]
1276,[0.04199039]
1277,[-0.17564502]
1278,[0.7253377]
1279,[0.5569112]
1280,[-0.11087638]
1281,[0.6145791]
1282,[0.877927]
1283,[0.77830625]
1284,[-0.15857175]
1285,[0.9463521]
1286,[-0.1197911]
1287,[0.85220015]
1288,[-0.0546563]
1289,[0.92208016]
1290,[0.84281147]
1291,[-0.0475337]
1292,[0.56413716]
1293,[0.5192095]
1294,[1.4174318]
1295,[0.8233134]
1296,[0.8292227]
1297,[1.2080541]
1298,[0.7386097]
1299,[1.0312035]
1300,[-0.50905573]
1301,[0.14079803]
1302,[-0.01998208]
1303,[0.24790478]
1304,[0.30147922]
1305,[0.68909454]
1306,[0.30049157]
1307,[0.7440788]
1308,[1.0127754]
1309,[0.4862234]
1310,[0.6945534]
1311,[0.84941185]
1312,[0.7429819]
1313,[0.10926863]
1314,[0.9231598]
1315,[0.44771892]
1316,[-0.20584887]
1317,[0.29387775]
1318,[0.14868921]
1319,[0.37370315]
1320,[-0.10658018]
1321,[0.531325]
1322,[0.05328505]
1323,[0.8086747]
1324,[0.9581859]
1325,[-0.09292269]
1326,[0.6179882]
1327,[0.47790822]
1328,[-0.14135918]
1329,[0.4794502]
1330,[0.8442287]
1331,[0.44455805]
1332,[-0.05930325]
1333,[0.18784139]
1334,[1.0957512]
1335,[0.01514711]
1336,[0.32875276]
1337,[0.59087706]
1338,[0.7196554]
1339,[0.38432577]
1340,[1.0562441]
1341,[0.32807943]
1342,[-0.1212694]
1343,[0.5798562]
1344,[0.05148407]
1345,[0.576179]
1346,[1.0065176]
1347,[1.1282078]
1348,[-0.270574]
1349,[1.0117095]
1350,[1.4990278]
1351,[0.12231468]
1352,[-0.04182918]
1353,[-0.20333287]
1354,[-0.27653056]
1355,[-0.293717]
1356,[1.1885892]
1357,[0.8273181]
1358,[0.7415861]
1359,[0.8298124]
1360,[1.0242742]
1361,[0.42262936]
1362,[0.23459682]
1363,[0.08827534]
1364,[1.0560722]
1365,[0.11935272]
1366,[0.38276717]
1367,[0.12465177]
1368,[-0.28376308]
1369,[-0.3167731]
1370,[-0.67286086]
1371,[0.1725832]
1372,[-0.3215538]
1373,[-0.49638727]
1374,[1.2652304]
1375,[0.36947185]
1376,[0.31127045]
1377,[1.2360107]
1378,[-0.03748957]
1379,[0.56269586]
1380,[0.11738843]
1381,[0.9096662]
1382,[0.4660574]
1383,[-1.0045794]
1384,[0.47726104]
1385,[0.27989945]
1386,[0.8848385]
1387,[0.34453413]
1388,[0.5096532]
1389,[0.226857]
1390,[0.95623314]
1391,[0.8524323]
1392,[0.11863313]
1393,[-0.21251854]
1394,[0.7742138]
1395,[0.3611939]
1396,[1.0706574]
1397,[0.83459485]
1398,[0.31392995]
1399,[0.6915335]
1400,[0.22964698]
1401,[0.57459736]
1402,[-0.01647242]
1403,[-0.1147671]
1404,[0.9696482]
1405,[-0.09954705]
1406,[0.8223026]
1407,[0.55277383]
1408,[0.7307256]
1409,[0.29279768]
1410,[0.9122443]
1411,[-0.14733312]
1412,[0.40477797]
1413,[0.00448667]
1414,[1.006404]
1415,[1.0343474]
1416,[0.46721065]
1417,[1.0384208]
1418,[0.04718932]
1419,[-0.5145787]
1420,[-0.27910993]
1421,[1.0485066]
1422,[-0.31296727]
1423,[-0.10303105]
1424,[0.935488]
1425,[0.27978173]
1426,[-0.02734967]
1427,[1.4352902]
1428,[-0.24049187]
1429,[-0.11517046]
1430,[0.6109259]
1431,[-0.08042166]
1432,[0.15102226]
1433,[-0.4884629]
1434,[0.7664939]
1435,[-0.20870695]
1436,[1.1671726]
1437,[1.2181536]
1438,[0.98002136]
1439,[0.50037074]
1440,[0.13481054]
1441,[0.91644895]
1442,[0.03202101]
1443,[0.848002]
1444,[0.07304671]
1445,[1.1189018]
1446,[0.28034413]
1447,[0.20805702]
1448,[0.628404]
1449,[-0.10674486]
1450,[1.3481052]
1451,[-0.04832063]
1452,[0.30591056]
1453,[0.7328633]
1454,[-1.0187854]
1455,[0.9519404]
1456,[0.16204801]
1457,[-0.09522165]
1458,[-0.04315165]
1459,[0.7719858]
1460,[-0.20044684]
1461,[0.15110695]
1462,[0.9452734]
1463,[0.91680634]
1464,[0.7737658]
1465,[0.16039282]
1466,[-0.58107805]
1467,[0.99881834]
1468,[1.0557222]
1469,[-0.02110111]
1470,[0.5422427]
1471,[1.0565661]
1472,[1.0268368]
1473,[0.60459447]
1474,[-0.2268888]
1475,[0.9242692]
1476,[0.6915634]
1477,[0.86796093]
1478,[-0.02478234]
1479,[0.11012857]
1480,[0.20401746]
1481,[1.0043107]
1482,[0.32280728]
1483,[0.9379351]
1484,[0.65639895]
1485,[-0.41946885]
1486,[0.09214639]
1487,[0.06211483]
1488,[0.9818096]
1489,[0.24794462]
1490,[0.08399468]
1491,[0.88923955]
1492,[-0.07851396]
1493,[0.01034453]
1494,[-0.03282423]
1495,[0.85947526]
1496,[1.1020483]
1497,[0.29835474]
1498,[0.65802073]
1499,[-0.2315287]
1500,[-0.1994076]
1501,[-0.15462923]
1502,[0.44667155]
1503,[0.10134114]
1504,[0.39909694]
1505,[-0.03760309]
1506,[0.7307942]
1507,[0.7165766]
1508,[0.18067548]
1509,[0.08222123]
1510,[-0.20802176]
1511,[0.02957792]
1512,[-0.6869842]
1513,[0.63423276]
1514,[2.0900073]
1515,[0.6318606]
1516,[0.31617305]
1517,[0.19522867]
1518,[-0.262165]
1519,[-0.13318989]
1520,[0.00341388]
1521,[0.9087598]
1522,[0.16608143]
1523,[0.47203872]
1524,[0.62043935]
1525,[-0.2325322]
1526,[0.40114382]
1527,[0.02002045]
1528,[0.8969066]
1529,[-0.03974317]
1530,[-0.19492543]
1531,[0.32418385]
1532,[0.61277246]
1533,[1.096552]
1534,[0.62704766]
1535,[0.7053308]
1536,[0.3511797]
1537,[0.2662443]
1538,[0.1080082]
1539,[1.235617]
1540,[1.3289173]
1541,[1.0513347]
1542,[0.7402036]
1543,[0.79861456]
1544,[0.7529255]
1545,[0.6414546]
1546,[0.5426513]
1547,[0.09212878]
1548,[0.9792246]
1549,[0.90584606]
1550,[0.86602056]
1551,[0.28678456]
1552,[0.3032592]
1553,[-0.13235831]
1554,[0.9048841]
1555,[0.74099404]
1556,[0.52988005]
1557,[0.8751198]
1558,[1.1656104]
1559,[0.14752105]
1560,[0.72542393]
1561,[-0.48781094]
1562,[0.18765709]
1563,[0.38107952]
1564,[1.0774597]
1565,[1.0130349]
1566,[0.01642366]
1567,[0.92619586]
1568,[0.46979293]
1569,[-0.24465954]
1570,[0.04482296]
1571,[-0.15544915]
1572,[1.0249152]
1573,[0.94948334]
1574,[0.8356161]
1575,[0.45000097]
1576,[-0.07404495]
1577,[-0.0463248]
1578,[0.45849052]
1579,[1.1663085]
1580,[0.2542164]
1581,[1.2143408]
1582,[-0.12853137]
1583,[0.12309011]
1584,[0.73418015]
1585,[0.76612335]
1586,[-0.22992727]
1587,[0.9955081]
1588,[0.33586824]
1589,[0.303451]
1590,[0.87321365]
1591,[0.38366675]
1592,[0.7768024]
1593,[0.3300469]
1594,[0.45896178]
1595,[0.51948]
1596,[0.9444231]
1597,[0.26458034]
1598,[0.07589804]
1599,[-0.00672903]
1600,[0.7423216]
1601,[-0.38611573]
1602,[1.7095962]
1603,[0.12773925]
1604,[1.0255679]
1605,[-0.21266967]
1606,[-0.27342778]
1607,[0.22527114]
1608,[1.2897499]
1609,[0.7413671]
1610,[-0.33986428]
1611,[1.1197643]
1612,[0.11772276]
1613,[-0.08336227]
1614,[1.603912]
1615,[0.9921788]
1616,[-0.0299154]
1617,[-0.17468154]
1618,[0.22072083]
1619,[-0.38186297]
1620,[0.24915859]
1621,[-0.06918097]
1622,[1.0177734]
1623,[0.23708361]
1624,[0.58482563]
1625,[0.53553784]
1626,[0.26229426]
1627,[0.8862474]
1628,[-0.18400627]
1629,[0.678655]
1630,[1.1081961]
1631,[0.70000297]
1632,[0.18446484]
1633,[0.09234788]
1634,[0.06750571]
1635,[0.7586]
1636,[0.29256773]
1637,[0.98135585]
1638,[0.8394613]
1639,[0.8085979]
1640,[-0.6998946]
1641,[0.32266062]
1642,[0.22734681]
1643,[0.6037585]
1644,[0.40888086]
1645,[0.63683933]
1646,[-0.1673646]
1647,[0.1956746]
1648,[0.35324234]
1649,[-0.26060167]
1650,[1.2911621]
1651,[0.272102]
1652,[0.23914579]
1653,[1.2045586]
1654,[0.2669432]
1655,[0.70439655]
1656,[0.7386549]
1657,[-0.02191079]
1658,[0.7996173]
1659,[0.08863028]
1660,[0.90539217]
1661,[0.45060635]
1662,[0.01246061]
1663,[0.64201796]
1664,[0.59004825]
1665,[0.35067335]
1666,[0.97527146]
1667,[0.06972136]
1668,[1.0945334]
1669,[1.1191151]
1670,[0.48724082]
1671,[-0.29440218]
1672,[0.39699307]
1673,[0.5624234]
1674,[0.52411556]
1675,[1.0607518]
1676,[1.3411161]
1677,[0.77608514]
1678,[0.2299515]
1679,[0.7108634]
1680,[1.0786705]
1681,[0.5285115]
1682,[0.65345204]
1683,[0.16275701]
1684,[-0.05943624]
1685,[0.20027098]
1686,[0.26498505]
1687,[-0.02707324]
1688,[0.50415456]
1689,[-0.3666849]
1690,[0.7389425]
1691,[0.06216436]
1692,[-0.06202451]
1693,[0.01501524]
1694,[0.41704246]
1695,[0.9347707]
1696,[0.47428128]
1697,[0.3218316]
1698,[0.3902087]
1699,[0.38983026]
1700,[0.7563645]
1701,[-0.02518535]
1702,[0.75368655]
1703,[0.1132374]
1704,[0.681679]
1705,[0.34685913]
1706,[0.5335063]
1707,[-0.08409972]
1708,[-0.3383057]
1709,[0.18215442]
1710,[0.23156494]
1711,[1.0139334]
1712,[0.85609823]
1713,[1.097801]
1714,[-0.16368115]
1715,[0.9241398]
1716,[0.292228]
1717,[0.9276744]
1718,[1.0663142]
1719,[0.84813094]
1720,[0.10138052]
1721,[0.28649828]
1722,[0.8646293]
1723,[0.16934231]
1724,[0.08448153]
1725,[1.0537099]
1726,[0.8967182]
1727,[-0.5121833]
1728,[0.55827814]
1729,[1.1107949]
1730,[0.8516246]
1731,[1.5231739]
1732,[0.87196875]
1733,[0.96413374]
1734,[1.176963]
1735,[0.5533946]
1736,[1.224831]
1737,[-0.16533]
1738,[-0.15687016]
1739,[0.4877371]
1740,[0.62150854]
1741,[0.11378404]
1742,[-0.014507]
1743,[-0.36641356]
1744,[1.2724056]
1745,[0.16076213]
1746,[0.5089445]
1747,[0.978024]
1748,[0.05652235]
1749,[0.77084816]
1750,[0.5495974]
1751,[0.45933428]
1752,[1.3653847]
1753,[1.0682591]
1754,[1.1682329]
1755,[0.9653401]
1756,[0.8267021]
1757,[1.4125006]
1758,[0.2146518]
1759,[0.51191515]
1760,[0.49971437]
1761,[0.03189486]
1762,[1.0598276]
1763,[0.9689133]
1764,[0.75031275]
1765,[0.9553967]
1766,[-0.18078178]
1767,[0.8304924]
1768,[0.938097]
1769,[1.6214788]
1770,[0.23771003]
1771,[-0.32611015]
1772,[1.0207745]
1773,[1.1617953]
1774,[0.17725092]
1775,[-0.08751745]
1776,[-0.2265597]
1777,[0.8073961]
1778,[1.0351819]
1779,[0.49260095]
1780,[0.5556686]
1781,[0.5253448]
1782,[0.02509748]
1783,[1.0170741]
1784,[0.72013247]
1785,[0.2145985]
1786,[0.26678964]
1787,[0.52208865]
1788,[0.79764366]
1789,[-0.17273799]
1790,[0.50631183]
1791,[0.12686545]
1792,[0.5645143]
1793,[0.38031426]
1794,[0.7186924]
1795,[1.4161892]
1796,[0.50470465]
1797,[0.24423102]
1798,[1.0263017]
1799,[0.59306407]
1800,[-0.04734038]
1801,[0.6857874]
1802,[-0.00916938]
1803,[0.20083803]
1804,[-0.51042134]
1805,[0.09131881]
1806,[1.0738407]
1807,[1.039324]
1808,[0.79694927]
1809,[0.6479625]
1810,[0.34929195]
1811,[0.03484853]
1812,[0.8652558]
1813,[1.1651]
1814,[0.0593225]
1815,[0.10243347]
1816,[0.34364298]
1817,[0.17127144]
1818,[-0.3801352]
1819,[-0.11477817]
1820,[1.7203685]
1821,[0.43325606]
1822,[0.2509931]
1823,[0.07165452]
1824,[0.9543695]
1825,[-0.5052172]
1826,[0.06401213]
1827,[0.8385771]
1828,[0.39785534]
1829,[-0.08343188]
1830,[0.72547555]
1831,[0.62856245]
1832,[0.61300516]
1833,[0.45182496]
1834,[0.7537442]
1835,[-0.11752338]
1836,[0.78531253]
1837,[1.0321472]
1838,[1.0606532]
1839,[1.2296255]
1840,[0.30426916]
1841,[0.06355219]
1842,[0.30052415]
1843,[-0.33494243]
1844,[1.0063144]
1845,[-0.14199153]
1846,[0.13802427]
1847,[0.84360063]
1848,[0.7599375]
1849,[-0.00639212]
1850,[0.5489999]
1851,[0.743039]
1852,[0.77386886]
1853,[0.09148323]
1854,[0.50003415]
1855,[0.892344]
1856,[0.352416]
1857,[0.36522463]
1858,[0.14283499]
1859,[0.09024446]
1860,[-0.02677942]
1861,[0.7490442]
1862,[0.9999083]
1863,[1.1702739]
1864,[0.41396132]
1865,[0.52291214]
1866,[0.8495416]
1867,[0.09713208]
1868,[-0.1761364]
1869,[-0.01838637]
1870,[0.533995]
1871,[0.22741303]
1872,[0.37625656]
1873,[0.85357004]
1874,[0.15816808]
1875,[1.1424283]
1876,[0.3264511]
1877,[0.9756652]
1878,[-0.03958175]
1879,[0.46457836]
1880,[0.07991328]
1881,[-0.10143181]
1882,[0.8072548]
1883,[0.6792551]
1884,[1.0497736]
1885,[-0.41560328]
1886,[0.16757354]
1887,[0.5366633]
1888,[0.3873846]
1889,[1.0053085]
1890,[0.6669711]
1891,[0.34770086]
1892,[-0.26765385]
1893,[0.01986333]
1894,[0.67409843]
1895,[0.08055981]
1896,[0.5181337]
1897,[0.25244233]
1898,[0.48860666]
1899,[0.00839081]
1900,[0.9430158]
1901,[0.2155503]
1902,[0.03635063]
1903,[0.6530889]
1904,[-0.01574469]
1905,[0.50411457]
1906,[0.7384143]
1907,[-0.1471985]
1908,[1.5347626]
1909,[0.85793364]
1910,[0.6999478]
1911,[-0.22450447]
1912,[0.4906453]
1913,[0.2802807]
1914,[0.65185314]
1915,[1.0004513]
1916,[0.08872456]
1917,[0.5140817]
1918,[0.9837522]
1919,[-0.4689987]
1920,[0.83697724]
1921,[0.48798144]
1922,[0.11885238]
1923,[1.5150405]
1924,[0.41758105]
1925,[-0.26403853]
1926,[-0.1436908]
1927,[0.98844635]
1928,[0.21857527]
1929,[-0.4183253]
1930,[1.4864361]
1931,[-0.7640382]
1932,[0.8783523]
1933,[0.76476467]
1934,[-0.09629924]
1935,[0.9381976]
1936,[0.7680281]
1937,[1.1798918]
1938,[1.2659069]
1939,[0.86941576]
1940,[0.34678683]
1941,[1.1568022]
1942,[-0.45713505]
1943,[-0.09648734]
1944,[0.4543875]
1945,[0.5957324]
1946,[0.30387577]
1947,[0.8224381]
1948,[0.16866502]
1949,[0.16187254]
1950,[-0.15205827]
1951,[1.0252715]
1952,[-0.42487422]
1953,[-0.32452956]
1954,[0.9598788]
1955,[0.32688692]
1956,[0.10736378]
1957,[-0.2406607]
1958,[0.43931255]
1959,[0.8951173]
1960,[1.0243412]
1961,[1.0542392]
1962,[0.9316989]
1963,[0.964092]
1964,[-0.03613598]
1965,[0.3009509]
1966,[0.96776915]
1967,[1.4448056]
1968,[1.1647165]
1969,[0.01690467]
1970,[0.71972185]
1971,[-0.21024102]
1972,[1.0041416]
1973,[0.3713155]
1974,[0.90580404]
1975,[0.8260621]
1976,[0.552446]
1977,[0.58706176]
1978,[0.1183983]
1979,[0.02370464]
1980,[0.99130464]
1981,[0.9933991]
1982,[-0.5330444]
1983,[0.06556752]
1984,[-0.89959]
1985,[0.76100445]
1986,[0.7033676]
1987,[0.42963836]
1988,[0.4672943]
1989,[1.0696868]
1990,[0.10371099]
1991,[0.3808025]
1992,[0.6158465]
1993,[0.58819735]
1994,[0.03513383]
1995,[-1.0187355]
1996,[0.38930753]
1997,[0.40245017]
1998,[0.1072601]
1999,[0.6819351]
2000,[-0.76940536]
2001,[1.0993448]
2002,[0.9943868]
2003,[0.03893153]
2004,[0.42101488]
2005,[0.99262977]
2006,[0.18240535]
2007,[-0.30060306]
2008,[-0.25293347]
2009,[-0.31232375]
2010,[0.47689685]
2011,[0.9018736]
2012,[1.0983732]
2013,[0.31733415]
2014,[0.50983894]
2015,[0.19649005]
2016,[0.44009873]
2017,[1.0977241]
2018,[1.1081123]
2019,[0.36442575]
2020,[0.2162551]
2021,[0.9438968]
2022,[-0.00114822]
2023,[0.23671475]
2024,[-0.12400655]
2025,[1.35212]
2026,[0.70514286]
2027,[0.03335752]
2028,[0.32594952]
2029,[0.04286196]
2030,[0.0341126]
2031,[0.14922866]
2032,[0.41359866]
2033,[-0.18129098]
2034,[-0.19748062]
2035,[0.8364047]
2036,[0.9501027]
2037,[0.68613607]
2038,[0.5681795]
2039,[1.0686058]
2040,[-0.06304614]
2041,[0.03262533]
2042,[1.2187632]
2043,[-0.07381551]
2044,[0.75825286]
2045,[-0.02627669]
2046,[1.0438733]
2047,[0.8347336]
2048,[-0.2728739]
2049,[1.0053785]
2050,[0.6045142]
2051,[0.7595259]
2052,[0.29317915]
2053,[0.6035937]
2054,[-0.20310855]
2055,[0.8892571]
2056,[0.6420509]
2057,[0.70902205]
2058,[0.20314604]
2059,[0.75529635]
2060,[0.29752946]
2061,[0.16671616]
2062,[0.88020504]
2063,[0.8384171]
2064,[1.2668848]
2065,[0.6787579]
2066,[0.44693628]
2067,[-0.29119435]
2068,[0.6745337]
2069,[1.0194963]
2070,[-0.15998003]
2071,[1.0342547]
2072,[0.30070946]
2073,[0.46733025]
2074,[1.1661273]
2075,[-0.0532674]
2076,[0.22527039]
2077,[0.25607082]
2078,[-0.00139613]
2079,[-0.0048386]
2080,[1.021273]
2081,[0.9418139]
2082,[-0.19066334]
2083,[0.36790714]
2084,[1.1137352]
2085,[0.9786282]
2086,[0.5348844]
2087,[0.05704898]
2088,[1.0462966]
2089,[0.7306594]
2090,[1.5670376]
2091,[-0.49301907]
2092,[0.49291572]
2093,[0.66525763]
2094,[1.1508482]
2095,[-0.24785197]
2096,[0.45567417]
2097,[1.0756435]
2098,[0.23004973]
2099,[1.2133133]
2100,[0.8841969]
2101,[0.64084864]
2102,[0.98242015]
2103,[0.8595705]
2104,[0.03733479]
2105,[-0.01160569]
2106,[-0.07178194]
2107,[0.24371448]
2108,[0.9324856]
2109,[0.08817282]
2110,[0.6262803]
2111,[0.7896087]
2112,[0.3881072]
2113,[0.8885037]
2114,[-0.2173551]
2115,[0.30969]
2116,[-0.04524932]
2117,[0.6943343]
2118,[0.03093802]
2119,[0.9281381]
2120,[0.07206687]
2121,[0.78141826]
2122,[0.4867985]
2123,[0.01927262]
2124,[0.44360703]
2125,[1.0596827]
2126,[0.41118458]
2127,[1.0301507]
2128,[-0.33136478]
2129,[-0.08510936]
2130,[1.0152242]
2131,[0.59719664]
2132,[1.3825954]
2133,[1.201051]
2134,[0.8537859]
2135,[0.6864801]
2136,[0.39714268]
2137,[0.65962553]
2138,[0.13555843]
2139,[1.2257133]
2140,[0.67054427]
2141,[-0.37364528]
2142,[0.27488422]
2143,[-0.08693848]
2144,[0.35368627]
2145,[0.9991281]
2146,[1.22302]
2147,[0.9186918]
2148,[0.95491314]
2149,[0.6803466]
2150,[0.37073794]
2151,[0.51624215]
2152,[0.05989524]
2153,[-0.03638088]
2154,[0.7506416]
2155,[0.9837693]
2156,[0.9749587]
2157,[0.22944859]
2158,[0.34154525]
2159,[1.0738487]
2160,[-0.24040517]
2161,[1.0562295]
2162,[1.256725]
2163,[0.25582784]
2164,[0.82592446]
2165,[0.9862079]
2166,[-0.02272976]
2167,[0.17900282]
2168,[0.3943377]
2169,[-0.36017188]
2170,[0.01672488]
2171,[0.15935552]
2172,[-0.27595976]
2173,[1.1303715]
2174,[-0.4596245]
2175,[0.01128874]
2176,[0.32964522]
2177,[-0.18096155]
2178,[0.6870129]
2179,[-0.2180452]
2180,[-0.4423899]
2181,[0.2577249]
2182,[-0.07843167]
2183,[1.2029704]
2184,[0.40399957]
2185,[0.02156749]
2186,[-0.03262261]
2187,[-0.08428236]
2188,[0.9465225]
2189,[1.0074208]
2190,[-0.3111656]
2191,[0.8072779]
2192,[1.2609719]
2193,[-0.0741272]
2194,[0.7232382]
2195,[-0.01954443]
2196,[-0.05232806]
2197,[0.9852371]
2198,[0.14214194]
2199,[0.558941]
2200,[0.8293032]
2201,[0.112294]
2202,[0.13438019]
2203,[0.8718376]
2204,[0.45964673]
2205,[0.7954922]
2206,[0.79100573]
2207,[0.700191]
2208,[0.7267574]
2209,[0.90452933]
2210,[0.1622509]
2211,[1.2180536]
2212,[0.11942872]
2213,[0.87900096]
2214,[0.24151164]
2215,[0.32602894]
2216,[-0.13152125]
2217,[0.98523116]
2218,[0.4041457]
2219,[0.6988195]
2220,[1.0495164]
2221,[1.1021603]
2222,[1.0412663]
2223,[0.18084687]
2224,[-0.45987555]
2225,[0.67599696]
2226,[0.34034383]
2227,[0.09755134]
2228,[-0.09897179]
2229,[0.7008694]
2230,[0.42093462]
2231,[-0.14472035]
2232,[-0.17345172]
2233,[0.6826238]
2234,[0.4400982]
2235,[0.90383387]
2236,[-0.02263332]
2237,[0.50408477]
2238,[0.49848458]
2239,[0.3359036]
2240,[0.24906653]
2241,[0.59005797]
2242,[0.18502468]
2243,[1.0640514]
2244,[0.9282319]
2245,[-0.08139049]
2246,[0.9639548]
2247,[1.1212478]
2248,[0.7458002]
2249,[1.1423242]
2250,[0.14886025]
2251,[0.8525517]
2252,[0.98045295]
2253,[0.666111]
2254,[0.03934082]
2255,[0.38715163]
2256,[0.374156]
2257,[0.67325246]
2258,[-0.06504936]
2259,[0.4624803]
2260,[0.4215956]
2261,[0.85310245]
2262,[0.1754182]
2263,[-0.2392281]
2264,[0.01406593]
2265,[0.8305794]
2266,[1.0815717]
2267,[0.350045]
2268,[1.1395859]
2269,[0.88470775]
2270,[0.56131375]
2271,[0.8341889]
2272,[-0.4144141]
2273,[0.7635255]
2274,[0.48695838]
2275,[-0.18188086]
2276,[-0.09878852]
2277,[1.038763]
2278,[0.9763968]
2279,[1.069387]
2280,[0.62753725]
2281,[0.99410784]
2282,[0.79975945]
2283,[0.9666671]
2284,[1.0435338]
2285,[0.58592284]
2286,[-0.07430661]
2287,[1.083251]
2288,[0.85488063]
2289,[0.82638323]
2290,[0.64815533]
2291,[-0.29897192]
2292,[-0.01442514]
2293,[1.0208639]
2294,[1.1475648]
2295,[-0.12662113]
2296,[0.07292088]
2297,[-0.06155884]
2298,[0.62192965]
2299,[0.4629212]
2300,[0.6406052]
2301,[-0.16168585]
2302,[-0.5531324]
2303,[1.0742431]
2304,[0.92457926]
2305,[1.1764374]
2306,[0.8769259]
2307,[-0.07776754]
2308,[0.9183043]
2309,[-0.1372613]
2310,[0.00481548]
2311,[-0.26573178]
2312,[0.61533904]
2313,[0.24536285]
2314,[0.39046225]
2315,[0.8213742]
2316,[0.17159155]
2317,[1.4539679]
2318,[1.3101228]
2319,[-0.33004722]
2320,[-0.04080259]
2321,[0.2721768]
2322,[-0.1459235]
2323,[0.17053482]
2324,[0.03748563]
2325,[-0.28753462]
2326,[0.9498182]
2327,[0.88880026]
2328,[0.4414461]
2329,[0.8266375]
2330,[0.06952652]
2331,[0.18535477]
2332,[0.11256083]
2333,[0.01235186]
2334,[0.13173622]
2335,[-0.29153422]
2336,[-0.14046669]
2337,[0.9537368]
2338,[0.6591219]
2339,[0.8514159]
2340,[0.64723074]
2341,[0.10411619]
2342,[0.0444647]
2343,[1.1250736]
2344,[0.03300025]
2345,[1.2971504]
2346,[0.8845673]
2347,[1.05363]
2348,[0.7371573]
2349,[0.02253266]
2350,[1.0219693]
2351,[1.0859264]
2352,[0.4466091]
2353,[-0.1976096]
2354,[0.9383003]
2355,[0.8445338]
2356,[-0.03670073]
2357,[0.17039177]
2358,[0.91224676]
2359,[0.81066173]
2360,[1.1068052]
2361,[0.90361905]
2362,[-0.46990559]
2363,[0.21289802]
2364,[0.42233518]
2365,[0.5930464]
2366,[0.2611609]
2367,[0.83324564]
2368,[0.8671971]
2369,[0.12752372]
2370,[1.0852445]
2371,[0.92138946]
2372,[-0.1774185]
2373,[0.885401]
2374,[0.5334696]
2375,[0.20963359]
2376,[0.04204272]
2377,[0.17232794]
2378,[0.07565572]
2379,[0.93778694]
2380,[-0.05453262]
2381,[0.00328694]
2382,[0.11575065]
2383,[-0.28484017]
2384,[-0.43561652]
2385,[0.7127618]
2386,[0.73565555]
2387,[0.41604814]
2388,[0.59378475]
2389,[0.8717849]
2390,[-0.1150708]
2391,[1.310759]
2392,[1.0927658]
2393,[0.09539989]
2394,[0.16769993]
2395,[-0.2283436]
2396,[1.19084]
2397,[0.17322075]
2398,[0.47456127]
2399,[0.09423762]
2400,[-0.00573624]
2401,[1.2299082]
2402,[0.86841214]
2403,[0.8306342]
2404,[1.3184352]
2405,[0.52986777]
2406,[0.92481124]
2407,[-0.46911702]
2408,[0.5370329]
2409,[0.25855234]
2410,[1.0790064]
2411,[0.03624918]
2412,[-0.09022344]
2413,[1.0810441]
2414,[0.01927458]
2415,[0.07881089]
2416,[0.14329782]
2417,[1.0135081]
2418,[0.6347466]
2419,[-0.09518746]
2420,[1.1432362]
2421,[-0.70964646]
2422,[1.0424513]
2423,[0.5269614]
2424,[0.88452256]
2425,[0.19040719]
2426,[0.18179128]
2427,[0.7413812]
2428,[-0.09749184]
2429,[-0.56431174]
2430,[-0.14798492]
2431,[0.7709353]
2432,[-0.00700783]
2433,[0.53069556]
2434,[-0.03538451]
2435,[0.16000631]
2436,[0.08924099]
2437,[0.8728182]
2438,[0.24853429]
2439,[0.6750883]
2440,[0.5009392]
2441,[0.529605]
2442,[1.0342689]
2443,[0.7335266]
2444,[0.13655037]
2445,[-0.04632396]
2446,[0.2944499]
2447,[0.6239836]
2448,[0.34796938]
2449,[1.1491209]
2450,[0.58023375]
2451,[0.8115343]
2452,[-0.63404113]
2453,[0.2218985]
2454,[0.50970894]
2455,[0.88844395]
2456,[0.6133241]
2457,[0.2169044]
2458,[-0.519038]
2459,[0.3947755]
2460,[0.2026627]
2461,[1.1213712]
2462,[0.5030815]
2463,[0.08236825]
2464,[0.10979225]
2465,[0.04749664]
2466,[0.05085342]
2467,[0.0223847]
2468,[1.0680326]
2469,[0.80435693]
2470,[0.25975773]
2471,[0.82084453]
2472,[0.65075713]
2473,[1.0098718]
2474,[1.5178529]
2475,[0.55804825]
2476,[-0.67982054]
2477,[0.0812951]
2478,[0.9677001]
2479,[0.17082599]
2480,[0.75401473]
2481,[0.7524588]
2482,[-0.0795742]
2483,[0.26192996]
2484,[-0.49211404]
2485,[-0.38539943]
2486,[0.73617905]
2487,[-0.09637202]
2488,[-0.14080322]
2489,[0.7679257]
2490,[0.7116183]
2491,[1.1850518]
2492,[-0.02800796]
2493,[-0.03717671]
2494,[1.0189637]
2495,[0.17147914]
2496,[0.09494319]
2497,[0.8958694]
2498,[0.83276474]
2499,[0.55366826]
2500,[1.1128495]
2501,[0.61984193]
2502,[0.28693283]
2503,[0.8936058]
2504,[0.7833644]
2505,[0.42852306]
2506,[-0.15503559]
2507,[0.9091264]
2508,[0.3062031]
2509,[0.527531]
2510,[1.0250381]
2511,[0.22096655]
2512,[0.5565518]
2513,[0.20645103]
2514,[-0.5903401]
2515,[0.8135115]
2516,[0.10684045]
2517,[1.0888668]
2518,[0.14494497]
2519,[-0.33868143]
2520,[0.05580645]
2521,[-0.02807113]
2522,[0.9692651]
2523,[0.85884356]
2524,[0.28720844]
2525,[0.83718514]
2526,[0.14911515]
2527,[0.12149822]
2528,[0.545499]
2529,[0.98325676]
2530,[1.3956273]
2531,[1.0243473]
2532,[-0.10236185]
2533,[0.831507]
2534,[0.05009042]
2535,[0.08896219]
2536,[0.1731539]
2537,[0.30425453]
2538,[0.6058655]
2539,[0.11591571]
2540,[1.1474385]
2541,[-0.15894917]
2542,[0.38728288]
2543,[0.8836609]
2544,[-0.08236311]
2545,[0.18198323]
2546,[0.21505368]
2547,[-0.33193615]
2548,[0.82637453]
2549,[0.9689018]
2550,[1.0043705]
2551,[0.7870366]
2552,[0.02203717]
2553,[0.30323043]
2554,[1.2970582]
2555,[0.08246889]
2556,[-0.20947075]
2557,[0.5541561]
2558,[0.5724591]
2559,[0.3710083]
2560,[-0.11647242]
2561,[0.97270733]
2562,[0.3710123]
2563,[0.67473036]
2564,[0.2889812]
2565,[1.2829552]
2566,[0.55187464]
2567,[0.08967911]
2568,[0.14867404]
2569,[0.14229998]
2570,[-0.34915477]
2571,[0.03950813]
2572,[0.50917786]
2573,[0.62358725]
2574,[0.02112583]
2575,[-0.11934955]
2576,[-0.2872254]
2577,[-0.119945]
2578,[-0.01723523]
2579,[0.8857007]
2580,[0.37052533]
2581,[0.00464924]
2582,[1.0607046]
2583,[0.874817]
2584,[1.0270342]
2585,[0.48737583]
2586,[-0.16581205]
2587,[1.0009937]
2588,[1.4505829]
2589,[0.88017225]
2590,[0.03743418]
2591,[0.7326681]
2592,[0.58468026]
2593,[0.1178864]
2594,[0.00240769]
2595,[-0.40889707]
2596,[-0.04811392]
2597,[0.06679036]
2598,[-0.2237806]
2599,[0.20968086]
2600,[0.11506816]
2601,[-0.10087603]
2602,[1.0004865]
2603,[0.08494698]
2604,[-0.11478946]
2605,[-0.0095799]
2606,[0.40907994]
2607,[1.2493662]
2608,[0.04199385]
2609,[-0.07978306]
2610,[0.23283306]
2611,[0.36154145]
2612,[0.42081776]
2613,[0.00472698]
2614,[-0.52574724]
2615,[0.29423672]
2616,[0.8810595]
2617,[0.5067928]
2618,[-0.48176163]
2619,[0.7253777]
2620,[0.54703027]
2621,[0.4880564]
2622,[0.9886762]
2623,[-0.03584684]
2624,[0.23378015]
2625,[-0.16005704]
2626,[1.3373268]
2627,[0.5037575]
2628,[0.40454134]
2629,[0.01865333]
2630,[1.0461304]
2631,[0.5764129]
2632,[-0.20171681]
2633,[-0.7756798]
2634,[0.19664726]
2635,[-0.6942859]
2636,[1.6158772]
2637,[-0.38485256]
2638,[0.6838095]
2639,[1.0256282]
2640,[0.9554709]
2641,[-0.15535906]
2642,[0.52879965]
2643,[0.01119154]
2644,[0.09731796]
2645,[0.2673106]
2646,[0.92048454]
2647,[0.84319687]
2648,[0.18224007]
2649,[0.00604036]
2650,[0.17446584]
2651,[0.18018413]
2652,[-0.580825]
2653,[0.22364295]
2654,[0.2227839]
2655,[0.96300733]
2656,[0.31669962]
2657,[-0.42808858]
2658,[1.0839932]
2659,[0.6702805]
2660,[0.13382107]
2661,[0.05133253]
2662,[1.046029]
2663,[0.88979375]
2664,[1.2130786]
2665,[1.1293185]
2666,[0.75744635]
2667,[0.9007194]
2668,[-0.11213533]
2669,[0.36944908]
2670,[0.8411036]
2671,[0.17547151]
2672,[0.00927772]
2673,[0.7626956]
2674,[1.0684298]
2675,[0.11582831]
2676,[0.9096521]
2677,[0.335126]
2678,[0.3854155]
2679,[1.0822378]
2680,[0.4663286]
2681,[1.0252433]
2682,[0.05209423]
2683,[0.45365292]
2684,[0.1815345]
2685,[-0.19153446]
2686,[0.436823]
2687,[0.23218203]
2688,[-0.42332444]
2689,[0.8101054]
2690,[0.9709877]
2691,[0.02085646]
2692,[0.13086653]
2693,[0.80081964]
2694,[0.61731267]
2695,[1.6201811]
2696,[0.15900424]
2697,[1.1926658]
2698,[0.09335288]
2699,[0.47203687]
2700,[-0.00019283]
2701,[0.42872354]
2702,[0.28561375]
2703,[0.05162051]
2704,[1.1302222]
2705,[1.0334836]
2706,[0.75918174]
2707,[0.70430744]
2708,[-0.1801956]
2709,[-0.06544609]
2710,[0.9483229]
2711,[1.084615]
2712,[0.26162925]
2713,[0.96368134]
2714,[-0.32648754]
2715,[0.7121005]
2716,[1.2270125]
2717,[-0.1233831]
2718,[0.01539996]
2719,[0.3026859]
2720,[0.36374456]
2721,[1.0581671]
2722,[0.12018492]
2723,[0.9919051]
2724,[-0.1788534]
2725,[-0.10947847]
2726,[-0.40011203]
2727,[-0.03870512]
2728,[0.75001377]
2729,[0.8425051]
2730,[0.18743843]
2731,[0.34431496]
2732,[0.7729013]
2733,[-0.30922905]
2734,[0.8109178]
2735,[0.3682424]
2736,[0.11629339]
2737,[0.93838346]
2738,[0.00120126]
2739,[-0.05360132]
2740,[-0.25081262]
2741,[0.80992055]
2742,[0.00269248]
2743,[1.0435845]
2744,[1.0558285]
2745,[-0.05266521]
2746,[0.26756796]
2747,[0.48171982]
2748,[0.2650488]
2749,[-0.72248846]
2750,[0.99928206]
2751,[0.7529643]
2752,[-0.04913903]
2753,[0.9711602]
2754,[-0.04275679]
2755,[0.3738222]
2756,[0.3713173]
2757,[1.0040883]
2758,[-0.24234006]
2759,[-0.21854675]
2760,[-0.33787617]
2761,[1.0093647]
2762,[0.5603125]
2763,[0.22613615]
2764,[0.9948142]
2765,[0.7120837]
2766,[0.84656924]
2767,[1.179392]
2768,[0.42659548]
2769,[-0.19789165]
2770,[0.15362158]
2771,[-0.70777106]
2772,[0.86694634]
2773,[0.37503365]
2774,[-0.02962778]
2775,[0.8765855]
2776,[0.4516776]
2777,[0.08787306]
2778,[0.16219759]
2779,[0.4405401]
2780,[0.733907]
2781,[-0.22063339]
2782,[0.20890287]
2783,[0.7759272]
2784,[0.91467404]
2785,[0.9785094]
2786,[0.266605]
2787,[0.18144026]
2788,[0.86545163]
2789,[1.0626496]
2790,[0.87736046]
2791,[0.5497532]
2792,[0.05439004]
2793,[0.81663406]
2794,[0.5820171]
2795,[0.6613154]
2796,[1.047269]
2797,[0.7362506]
2798,[0.90833837]
2799,[0.24460545]
2800,[0.7490213]
2801,[0.81754565]
2802,[0.25797352]
2803,[0.8803961]
2804,[0.2979261]
2805,[0.04207506]
2806,[0.03997817]
2807,[0.1405896]
2808,[0.5483749]
2809,[1.1344794]
2810,[0.19298643]
2811,[-0.4624583]
2812,[0.331251]
2813,[0.5215066]
2814,[1.0228367]
2815,[0.18083525]
2816,[0.6600995]
2817,[0.17186356]
2818,[0.46941653]
2819,[0.5805231]
2820,[0.7285167]
2821,[0.6149566]
2822,[0.01567321]
2823,[0.8040805]
2824,[0.21710694]
2825,[0.27528134]
2826,[-0.05933658]
2827,[0.49320072]
2828,[0.09775558]
2829,[0.04377603]
2830,[0.1098498]
2831,[0.5242032]
2832,[0.05822416]
2833,[-0.03738431]
2834,[0.09675997]
2835,[0.49961996]
2836,[-0.24761143]
2837,[0.08137786]
2838,[1.0197042]
2839,[0.72431254]
2840,[0.9040662]
2841,[0.03080242]
2842,[0.4868038]
2843,[-0.29156974]
2844,[0.441506]
2845,[0.40068904]
2846,[0.2992107]
2847,[0.455173]
2848,[0.18123251]
2849,[0.6791993]
2850,[0.7060354]
2851,[0.10963713]
2852,[0.9388613]
2853,[0.86140084]
2854,[0.06265829]
2855,[1.0255015]
2856,[1.0324863]
2857,[0.44264534]
2858,[0.5905254]
2859,[0.05978819]
2860,[0.8615322]
2861,[-0.26773956]
2862,[0.88711226]
2863,[0.29624042]
2864,[0.33214533]
2865,[-0.07561371]
2866,[1.009945]
2867,[1.4278859]
2868,[0.2267999]
2869,[0.15914983]
2870,[0.80690163]
2871,[-0.22100493]
2872,[0.28029975]
2873,[0.49839953]
2874,[0.2595888]
2875,[0.68175244]
2876,[0.21051031]
2877,[-0.46430013]
2878,[0.6314497]
2879,[-0.07000337]
2880,[-0.52081954]
2881,[0.0840603]
2882,[-0.04346202]
2883,[0.4484791]
2884,[0.98075914]
2885,[-0.15841427]
2886,[0.19700855]
2887,[0.49093714]
2888,[0.98846745]
2889,[-0.12635282]
2890,[0.44165602]
2891,[-0.07067629]
2892,[1.0040631]
2893,[0.73808223]
2894,[1.1193137]
2895,[0.5547931]
2896,[-0.05320651]
2897,[0.6582252]
2898,[-0.33165774]
2899,[0.22829226]
2900,[0.69080174]
2901,[0.9921954]
2902,[-0.10354581]
2903,[0.16942775]
2904,[1.066034]
2905,[0.9545952]
2906,[1.1060065]
2907,[0.16548327]
2908,[0.96665055]
2909,[-0.16703403]
2910,[0.70682967]
2911,[0.26842332]
2912,[0.82098347]
2913,[0.22416744]
2914,[0.43857712]
2915,[-0.31561074]
2916,[0.35545796]
2917,[1.1290576]
2918,[1.0415959]
2919,[0.13791591]
2920,[0.5774931]
2921,[-0.623423]
2922,[0.08783078]
2923,[0.7341347]
2924,[0.37964723]
2925,[0.6176731]
2926,[0.55323553]
2927,[0.07927144]
2928,[-0.15499523]
2929,[0.20226035]
2930,[0.34419432]
2931,[0.23287669]
2932,[0.86177814]
2933,[-0.02851731]
2934,[0.1133038]
2935,[-0.01953203]
2936,[0.79863]
2937,[0.26064646]
2938,[0.7207416]
2939,[1.0421352]
2940,[-0.1746372]
2941,[0.02250984]
2942,[-0.01951648]
2943,[1.4916894]
2944,[-0.211997]
2945,[0.06497254]
2946,[-0.247583]
2947,[0.41157135]
2948,[0.32147834]
2949,[0.79084045]
2950,[0.15852988]
2951,[-0.42333353]
2952,[0.10745726]
2953,[0.21845847]
2954,[0.9976116]
2955,[0.08469211]
2956,[0.91222334]
2957,[0.10879985]
2958,[0.30491164]
2959,[0.63859665]
2960,[0.874912]
2961,[1.2908517]
2962,[0.4871907]
2963,[0.5171168]
2964,[0.4584412]
2965,[0.9626638]
2966,[1.6760921]
2967,[0.03921773]
2968,[0.12124263]
2969,[0.20653343]
2970,[0.97844464]
2971,[0.13563555]
2972,[0.14708716]
2973,[0.7468594]
2974,[0.851104]
2975,[0.51484436]
2976,[-0.18273908]
2977,[0.5494222]
2978,[0.03033272]
2979,[0.80147636]
2980,[-0.19877061]
2981,[-0.11372574]
2982,[0.15287206]
2983,[0.13384742]
2984,[0.7107156]
2985,[-0.3512162]
2986,[0.3057459]
2987,[0.96285594]
2988,[0.09508806]
2989,[0.7241185]
2990,[1.0158947]
2991,[-0.14553162]
2992,[0.96096104]
2993,[-0.63601303]
2994,[0.07379778]
2995,[0.7282375]
2996,[0.5073939]
2997,[0.84586036]
2998,[0.50397104]
2999,[-0.20818645]
3000,[0.6320581]
3001,[1.2318926]
3002,[0.99715006]
3003,[-0.56011367]
3004,[0.9013932]
3005,[-0.01468954]
3006,[-0.10633319]
3007,[0.20352936]
3008,[0.9500662]
3009,[0.54388505]
3010,[0.9023148]
3011,[0.9120426]
3012,[0.19496965]
3013,[0.5694679]
3014,[-0.1193564]
3015,[0.18710202]
3016,[0.4826189]
3017,[0.15089974]
3018,[0.4082375]
3019,[0.3929715]
3020,[-0.05067336]
3021,[0.6102525]
3022,[0.19293311]
3023,[-0.22399226]
3024,[0.4870777]
3025,[0.45331678]
3026,[0.9045826]
3027,[-0.3236176]
3028,[0.1085762]
3029,[0.89410126]
3030,[0.00818574]
3031,[0.7187276]
3032,[0.6793327]
3033,[1.0312014]
3034,[-0.17475405]
3035,[-0.11330006]
3036,[-0.14468595]
3037,[1.0871419]
3038,[0.18269742]
3039,[-0.15312192]
3040,[0.22222331]
3041,[-0.19054618]
3042,[0.07183587]
3043,[-0.04032985]
3044,[-0.13019726]
3045,[0.95662796]
3046,[0.8028831]
3047,[-0.79160166]
3048,[0.06542192]
3049,[0.75179493]
3050,[0.3059229]
3051,[-0.38833442]
3052,[-0.27176228]
3053,[0.31620377]
3054,[0.05856834]
3055,[0.2569941]
3056,[-0.19024056]
3057,[0.7234458]
3058,[0.88146544]
3059,[0.05846324]
3060,[0.43640703]
3061,[1.1050338]
3062,[1.1867243]
3063,[1.0744581]
3064,[0.94520015]
3065,[1.3286324]
3066,[1.0298098]
3067,[1.0508742]
3068,[0.09635832]
3069,[0.7400836]
3070,[0.75595295]
3071,[1.2635138]
3072,[-0.1494435]
3073,[0.9563457]
3074,[0.18964332]
3075,[0.20720917]
3076,[1.1022669]
3077,[0.26128525]
3078,[1.0029868]
3079,[0.442444]
3080,[1.00093]
3081,[-0.42889595]
3082,[0.01761044]
3083,[0.43092468]
3084,[1.253719]
3085,[-0.13071322]
3086,[0.71887803]
3087,[-0.3653699]
3088,[0.643149]
3089,[-0.05299673]
3090,[0.55507267]
3091,[0.14084846]
3092,[0.6445541]
3093,[1.0503261]
3094,[0.27707496]
3095,[0.01946151]
3096,[0.5197759]
3097,[0.7408646]
3098,[0.3661457]
